<?xml version="1.0" encoding="UTF-8"?>
<beans xmlns="http://www.springframework.org/schema/beans" 
	   xmlns:xsi="http://www.w3.org/2001/XMLSchema-instance"
	   xmlns:mvc="http://www.springframework.org/schema/mvc" 
	   xmlns:context="http://www.springframework.org/schema/context"
	   xmlns:security="http://www.springframework.org/schema/security"
	   xsi:schemaLocation="http://www.springframework.org/schema/mvc 
	  					   http://www.springframework.org/schema/mvc/spring-mvc.xsd
						   http://www.springframework.org/schema/beans 
						   http://www.springframework.org/schema/beans/spring-beans.xsd
						   http://www.springframework.org/schema/context 
						   http://www.springframework.org/schema/context/spring-context.xsd
						   http://www.springframework.org/schema/security 
                           http://www.springframework.org/schema/security/spring-security-3.2.xsd">


	
	
    <security:global-method-security pre-post-annotations="enabled" secured-annotations="enabled" jsr250-annotations="enabled"/>
	
	<mvc:annotation-driven />		
	
	<context:component-scan base-package="spring.controller" />
  
   <!-- XML Configuration for Controller -->
   <!--  <bean id="registerController" class="spring.controller.RegisterController" />
	<bean id="userController" class="spring.controller.UserController" />
	<bean class="org.springframework.web.servlet.handler.SimpleUrlHandlerMapping">
		<property name="mappings">
			<props>
				<prop key="/user.htm">userController</prop>
				<prop key="/register.htm">registerController</prop>
			</props>
		</property>
	</bean>
     -->
     
    <bean id="xmlController" class="spring.controller.XMLController" />
	<bean class="org.springframework.web.servlet.handler.SimpleUrlHandlerMapping">
		<property name="mappings">
			<props>
				<prop key="/xmlContoller">xmlController</prop>
			</props>
		</property>
	</bean>
    
    <mvc:view-controller path="/register.html" view-name="register"/>
    <mvc:view-controller path="/xml.html" view-name="xml"/>
    <mvc:view-controller path="/admin.html" view-name="/admin"/>
	<mvc:view-controller path="/admin/adminsecured.html" view-name="/admin/adminsecured"/>
	<mvc:view-controller path="/login.html" view-name="login"/>
	<mvc:view-controller path="/denied.html" view-name="denied"/>
    <mvc:view-controller path="/admin/rest.html" view-name="/admin/rest"/>
    
	<bean class="org.springframework.web.servlet.view.InternalResourceViewResolver">
	        <!-- Example: a logical view name of 'showMessage' is mapped to '/WEB-INF/jsp/showMessage.jsp' -->
	        <property name="prefix" value="/WEB-INF/view/"/>
	        <property name="suffix" value=".jsp"/>
	</bean>
 	
</beans>
